"","compound_name","mz","rt","column","z","MS2","finalchoice","source"
"1","(3-Carboxypropyl)trimethylammonium",146.118104,594.6,"HILIC",1,"20V 50.39354, 227683; 51.33201, 234270; 52.79339, 242355; 57.81456, 248457; 60.0816, 22172730; 64.64297, 272421; 87.04473, 40742156; 107.52701, 287880; 120.05063, 259240; 146.11775, 83554792; 161.28554, 291911",